trial,concurrency,phase,goodput_MiB_s,p95_success_ms,success_ratio,successes,n,wall_s
r1-c1,1,put,52.37336962109784,109.55655999987357,1.0,32,32,2.443990159999885
r1-c1,1,get,215.78775031911596,25.653966999925615,1.0,32,32,0.5931754690000162
r1-c4,4,put,61.29822785994682,508.7082959998952,1.0,32,32,2.088151721000031
r1-c4,4,get,181.93745189692913,101.86571099984576,1.0,32,32,0.7035384889995839
r2-c1,1,put,56.78991046066104,252.54909800059977,1.0,32,32,2.253921497000192
r2-c1,1,get,215.46405050578116,33.595916999729525,1.0,32,32,0.594066618999932
r2-c4,4,put,68.96926109057247,1227.9685749999771,1.0,32,32,1.8558992509997552
r2-c4,4,get,196.2931197556831,110.22809099995357,1.0,32,32,0.6520860239998001
r3-c1,1,put,62.22760703635304,250.15243800044118,1.0,32,32,2.0569648439995944
r3-c1,1,get,223.02074839895178,33.142127000246546,1.0,32,32,0.5739376310002626
r3-c4,4,put,91.33598863844836,399.1142859995307,1.0,32,32,1.4014191099999956
r3-c4,4,get,208.7678562387676,104.79187100008858,1.0,32,32,0.613121207000404
